<?xml version="1.0" encoding="UTF-8"?><?xml-stylesheet type='text/xsl' href='_UpgradeReport_Files/UpgradeReport.xslt'?><UpgradeLog>
<Properties><Property Name="Solution" Value="FMC">
</Property><Property Name="解决方案文件" Value="D:\Git_SVN\HotContinuousRoll\Src\ModLib\src\FMC\FMC.sln">
</Property><Property Name="用户选项文件" Value="D:\Git_SVN\HotContinuousRoll\Src\ModLib\src\FMC\FMC.suo">
</Property><Property Name="Date" Value="2017年11月13日">
</Property><Property Name="Time" Value="9:02">
</Property></Properties><Event ErrorLevel="0" Project="" Source="FMC.sln" Description="文件已成功备份为 D:\Git_SVN\HotContinuousRoll\Src\ModLib\src\FMC\FMC.sln.old">
</Event><Event ErrorLevel="0" Project="" Source="FMC.suo" Description="文件已成功备份为 D:\Git_SVN\HotContinuousRoll\Src\ModLib\src\FMC\FMC.suo.old">
</Event><Event ErrorLevel="0" Project="FMPreTest" Source="FMPreTest\FMPreTest.vcproj" Description="Converting project file 'D:\Git_SVN\HotContinuousRoll\Src\ModLib\src\FMC\FMPreTest\FMPreTest.vcproj'.">
</Event><Event ErrorLevel="1" Project="FMPreTest" Source="FMPreTest\FMPreTest.vcproj" Description="VCWebServiceProxyGeneratorTool is no longer supported. The tool has been removed from your project settings.">
</Event><Event ErrorLevel="1" Project="FMPreTest" Source="FMPreTest\FMPreTest.vcproj" Description="MSB8012: $(TargetPath) ('D:\Git_SVN\HotContinuousRoll\Src\ModLib\src\FMC\FMPreTest\Debug\FMPreTest.exe') does not match the Linker's OutputFile property value 'Debug\FMPreTest.exe' ('D:\Git_SVN\HotContinuousRoll\Src\ModLib\src\FMC\Debug\FMPreTest.exe') in project configuration 'Debug|Win32'. This may cause your project to build incorrectly. To correct this, please make sure that $(TargetPath) property value matches the value specified in %(Link.OutputFile).">
</Event><Event ErrorLevel="0" Project="FMPreTest" Source="FMPreTest\FMPreTest.vcproj" Description="Done converting to new project file 'D:\Git_SVN\HotContinuousRoll\Src\ModLib\src\FMC\FMPreTest\FMPreTest.vcxproj'.">
</Event><Event ErrorLevel="3" Project="FMPreTest" Source="FMPreTest\FMPreTest.vcproj" Description="Converted">
</Event><Event ErrorLevel="0" Project="" Source="FMC.sln" Description="成功转换解决方案">
</Event><Event ErrorLevel="3" Project="" Source="FMC.sln" Description="Converted">
</Event></UpgradeLog>